{
  "handlers": {
    "modelImport": {
      "title": "Model Import",
      "icon": "fas fa-file-import fa-2x",
      "shortName": "modelimp",
      "description": "Model Import",
      "pageComponent": "modelImport/SimpleModelImportView",
      "path": "/modelimp",
      "config": {
        "bimpkUserType": "bimpk_importer",
        "sgpkUserType": "sgpk_importer"
      }
    },
    "modelView": {
      "title": "Model View",
      "icon": "fas fa-building fa-2x",
      "shortName": "modelview",
      "description": "Model View",
      "pageComponent": "simpleViewer/SimpleViewerView",
      "path": "/modelview",
      "config": {
        "manageFiles": true
      }
    },
    "mapboxSettings": {
      "title": "Mapbox Settings",
      "icon": "fas fa-map-marked-alt fa-2x",
      "pageComponent": "mapboxSettings/MapboxSettingsView",
      "path": "/mapboxsettings",
      "config": {}
    },
    "userGroups": {
      "title": "User Group",
      "actionTitle": "User Group Actions",
      "icon": "fas fa-users fa-2x",
      "pageComponent": "users/UserGroupView",
      "path": "/UserGroupView",
      "config": {
        "appUrl": "/",
        "allowUserGroupEdit": true,
        "allowUserGroupInvite": true,
        "allowManageInvites": true,
        "allowManageUsers": true
      }
    }
  },
  "homepage": {
    "handler": "modelView"
  },
  "groupedPages": {
    "model": {
      "icon": "fas fa-building fa-2x",
      "position": 1,
      "pages": [
        {
          "page": "Model View",
          "handler": "modelView"
        },
        {
          "page": "Model Import",
          "handler": "modelImport"
        }
      ]
    },
    "settings": {
      "icon": "fas fa-tools fa-2x",
      "position": 2,
      "pages": [
        {
          "page": "Mapbox Settings",
          "handler": "mapboxSettings"
        }
      ]
    }
  },
  "settings": {
    "appTitle": "Quick Model View",
    "appImage": {},
    "headerComponent": "components/HeaderBar/HeaderBar",
    "styles": {
      "--app-accent-color": "#C71784",
      "--head-bkg-color": "black",
      "--head-appname-color": "whitesmoke",
      "--head-menu-bkg-color": "#FFFFFF",
      "--head-menu-hover-color": "#F3F3F3",
      "--nav-bkg-color": "#1D1D1D",
      "--nav-icon-color": "#F3F3F3",
      "--nav-hover-color": "#3E3E3E",
      "--nav-activegrp-bkg-color": "#3E3E3E",
      "--fancytree-one-color": "#C71784",
      "--fancytree-one-channel-color": "#f3d5e4",
      "--fancytree-two-color": "#f26827",
      "--fancytree-two-channel-color": "#fde0d7",
      "--fancytree-three-color": "#00a693",
      "--fancytree-three-channel-color": "#cdebe8",
      "--element-table-font-primary": "#141414",
      "--element-table-font-secondary": "#757575",
      "--element-table-font-disabled": "#9e9e9e",
      "--element-table-border": "#9e9e9e",
      "--element-table-selected-row-color": "lightcyan"
    }
  }
}